{
  "dataset": "baseline/resources/datasets/glass2/glass2.csv",
  "bench_name": "glass2",
  "algorithm": "sklearn",
  "use_categorical": false,
  "experiments": [
    {
      "n_estimators": 100,
      "max_depth": 6,
      "train_accuracy": 0.9147286821705426,
      "test_accuracy": 0.9090909090909091,
      "training_time": 0.0,
      "total_nodes": 2966,
      "total_leaves": 1533,
      "avg_tree_depth": 5.98,
      "timestamp": "2026-01-14T16:27:32.287660",
      "explanations": {
        "num_samples_explained": 66,
        "list_explained_indices": [
          0,
          1,
          2,
          3,
          4,
          5,
          6,
          7,
          8,
          9,
          10,
          11,
          12,
          13,
          14,
          15,
          16,
          17,
          18,
          19,
          20,
          21,
          22,
          23,
          24,
          25,
          26,
          27,
          28,
          29,
          30,
          31,
          32,
          33,
          34,
          35,
          36,
          37,
          38,
          39,
          40,
          41,
          42,
          43,
          44,
          45,
          46,
          47,
          48,
          49,
          50,
          51,
          52,
          53,
          54,
          55,
          56,
          57,
          58,
          59,
          60,
          61,
          62,
          63,
          64,
          65
        ],
        "num_successful": 66,
        "avg_explanation_time": 0.015274340456182306,
        "min_explanation_time": 0.00852203369140625,
        "max_explanation_time": 0.04869556427001953,
        "avg_explanation_length": 6.7727272727272725,
        "min_explanation_length": 2,
        "max_explanation_length": 9,
        "explanation_times": [
          0.02588343620300293,
          0.00931406021118164,
          0.009291648864746094,
          0.00903630256652832,
          0.011066675186157227,
          0.009039640426635742,
          0.04869556427001953,
          0.024106264114379883,
          0.00852203369140625,
          0.013352632522583008,
          0.008691787719726562,
          0.008724212646484375,
          0.023664236068725586,
          0.030167818069458008,
          0.008811473846435547,
          0.029237985610961914,
          0.009109020233154297,
          0.019971132278442383,
          0.009233713150024414,
          0.016122817993164062,
          0.028036832809448242,
          0.008631706237792969,
          0.00864410400390625,
          0.008822441101074219,
          0.028691530227661133,
          0.00870370864868164,
          0.016405105590820312,
          0.026105642318725586,
          0.00876927375793457,
          0.008942365646362305,
          0.008619308471679688,
          0.018888473510742188,
          0.008840799331665039,
          0.03189587593078613,
          0.009029626846313477,
          0.009265661239624023,
          0.009107112884521484,
          0.00862264633178711,
          0.025768518447875977,
          0.026098012924194336,
          0.009216785430908203,
          0.013020753860473633,
          0.030531883239746094,
          0.009134054183959961,
          0.00933218002319336,
          0.013970375061035156,
          0.008893489837646484,
          0.011080503463745117,
          0.00970911979675293,
          0.015619993209838867,
          0.009062528610229492,
          0.02976250648498535,
          0.009139537811279297,
          0.013059854507446289,
          0.011608600616455078,
          0.008988618850708008,
          0.009649038314819336,
          0.012386798858642578,
          0.009050846099853516,
          0.031683921813964844,
          0.02977776527404785,
          0.011404752731323242,
          0.0093231201171875,
          0.019109249114990234,
          0.013178110122680664,
          0.010480880737304688
        ],
        "explanation_lengths": [
          4,
          9,
          9,
          9,
          7,
          9,
          4,
          3,
          9,
          4,
          9,
          9,
          3,
          3,
          9,
          9,
          9,
          4,
          9,
          5,
          3,
          9,
          9,
          9,
          9,
          9,
          5,
          4,
          9,
          9,
          9,
          4,
          9,
          2,
          9,
          9,
          9,
          9,
          3,
          4,
          9,
          6,
          9,
          9,
          9,
          4,
          9,
          2,
          9,
          4,
          9,
          8,
          9,
          2,
          4,
          9,
          9,
          7,
          9,
          3,
          7,
          7,
          8,
          4,
          2,
          2
        ],