{
  "dataset": "baseline/resources/datasets/wine-recog/wine-recog.csv",
  "bench_name": "wine-recog",
  "algorithm": "sklearn",
  "use_categorical": false,
  "experiments": [
    {
      "n_estimators": 100,
      "max_depth": 3,
      "train_accuracy": 0.9929577464788732,
      "test_accuracy": 0.9444444444444444,
      "training_time": 0.0,
      "total_nodes": 1188,
      "total_leaves": 644,
      "avg_tree_depth": 3.0,
      "timestamp": "2026-01-14T16:37:19.308135",
      "explanations": {
        "num_samples_explained": 72,
        "list_explained_indices": [
          0,
          1,
          2,
          3,
          4,
          5,
          6,
          7,
          8,
          9,
          10,
          11,
          12,
          13,
          14,
          15,
          16,
          17,
          18,
          19,
          20,
          21,
          22,
          23,
          24,
          25,
          26,
          27,
          28,
          29,
          30,
          31,
          32,
          33,
          34,
          35,
          36,
          37,
          38,
          39,
          40,
          41,
          42,
          43,
          44,
          45,
          46,
          47,
          48,
          49,
          50,
          51,
          52,
          53,
          54,
          55,
          56,
          57,
          58,
          59,
          60,
          61,
          62,
          63,
          64,
          65,
          66,
          67,
          68,
          69,
          70,
          71
        ],
        "num_successful": 72,
        "avg_explanation_time": 0.03372451663017273,
        "min_explanation_time": 0.021122455596923828,
        "max_explanation_time": 0.07435488700866699,
        "avg_explanation_length": 10.569444444444445,
        "min_explanation_length": 4,
        "max_explanation_length": 13,
        "explanation_times": [
          0.04564356803894043,
          0.04918336868286133,
          0.03560185432434082,
          0.03628373146057129,
          0.047910451889038086,
          0.035627126693725586,
          0.02521681785583496,
          0.02250981330871582,
          0.04735112190246582,
          0.026891231536865234,
          0.022589445114135742,
          0.04866743087768555,
          0.03195500373840332,
          0.022907733917236328,
          0.02270221710205078,
          0.04874610900878906,
          0.023423433303833008,
          0.032527923583984375,
          0.022370100021362305,
          0.04503989219665527,
          0.023175477981567383,
          0.02331089973449707,
          0.047334909439086914,
          0.026213884353637695,
          0.021311044692993164,
          0.0371251106262207,
          0.04623556137084961,
          0.0415041446685791,
          0.03489851951599121,
          0.07435488700866699,
          0.021651744842529297,
          0.021648883819580078,
          0.030608177185058594,
          0.04398012161254883,
          0.022156238555908203,
          0.021698713302612305,
          0.036359310150146484,
          0.06992578506469727,
          0.022605180740356445,
          0.0326540470123291,
          0.04685235023498535,
          0.02255392074584961,
          0.04856228828430176,
          0.0321962833404541,
          0.04604840278625488,
          0.021546363830566406,
          0.023185253143310547,
          0.049031734466552734,
          0.0256044864654541,
          0.023760080337524414,
          0.02282261848449707,
          0.045916080474853516,
          0.021122455596923828,
          0.02137899398803711,
          0.02502131462097168,
          0.0444493293762207,
          0.024970054626464844,
          0.022508859634399414,
          0.05292630195617676,
          0.022226810455322266,
          0.039411306381225586,
          0.02324056625366211,
          0.06206870079040527,
          0.022613048553466797,
          0.03383922576904297,
          0.05121350288391113,
          0.02475905418395996,
          0.02417302131652832,
          0.021138668060302734,
          0.04615306854248047,
          0.022581100463867188,
          0.022388935089111328
        ],
        "explanation_lengths": [
          4,
          13,
          4,
          4,
          13,
          4,
          13,
          13,
          13,
          9,
          13,
          13,
          6,
          13,
          13,
          13,
          13,
          4,
          13,
          13,
          13,
          13,
          13,
          13,
          13,
          4,
          13,
          4,
          4,
          4,
          13,
          13,
          6,
          13,
          13,
          13,
          4,
          4,
          13,
          4,
          13,
          13,
          4,
          5,
          13,
          13,
          13,
          13,
          13,
          13,
          13,
          13,
          13,
          13,
          13,
          13,
          13,
          13,
          7,
          13,
          4,
          13,
          4,
          13,
          5,
          13,
          13,
          13,
          13,
          13,
          13,
          13
        ],