{
  "dataset": "baseline/resources/datasets/threeOf9/threeOf9.csv",
  "bench_name": "threeOf9",
  "algorithm": "sklearn",
  "use_categorical": false,
  "experiments": [
    {
      "n_estimators": 100,
      "max_depth": 3,
      "train_accuracy": 1.0,
      "test_accuracy": 1.0,
      "training_time": 0.0,
      "total_nodes": 920,
      "total_leaves": 510,
      "avg_tree_depth": 2.27,
      "timestamp": "2026-01-14T16:34:46.637334",
      "explanations": {
        "num_samples_explained": 103,
        "list_explained_indices": [
          0,
          1,
          2,
          3,
          4,
          5,
          6,
          7,
          8,
          9,
          10,
          11,
          12,
          13,
          14,
          15,
          16,
          17,
          18,
          19,
          20,
          21,
          22,
          23,
          24,
          25,
          26,
          27,
          28,
          29,
          30,
          31,
          32,
          33,
          34,
          35,
          36,
          37,
          38,
          39,
          40,
          41,
          42,
          43,
          44,
          45,
          46,
          47,
          48,
          49,
          50,
          51,
          52,
          53,
          54,
          55,
          56,
          57,
          58,
          59,
          60,
          61,
          62,
          63,
          64,
          65,
          66,
          67,
          68,
          69,
          70,
          71,
          72,
          73,
          74,
          75,
          76,
          77,
          78,
          79,
          80,
          81,
          82,
          83,
          84,
          85,
          86,
          87,
          88,
          89,
          90,
          91,
          92,
          93,
          94,
          95,
          96,
          97,
          98,
          99,
          100,
          101,
          102
        ],
        "num_successful": 103,
        "avg_explanation_time": 0.004710935851902637,
        "min_explanation_time": 0.004052639007568359,
        "max_explanation_time": 0.03041219711303711,
        "avg_explanation_length": 3.9902912621359223,
        "min_explanation_length": 1,
        "max_explanation_length": 8,
        "explanation_times": [
          0.006988048553466797,
          0.004446983337402344,
          0.004408359527587891,
          0.004343986511230469,
          0.004332780838012695,
          0.004271507263183594,
          0.004296779632568359,
          0.03041219711303711,
          0.004485368728637695,
          0.004446744918823242,
          0.004420042037963867,
          0.0043795108795166016,
          0.004372358322143555,
          0.004610776901245117,
          0.004496097564697266,
          0.0043871402740478516,
          0.0043184757232666016,
          0.004533052444458008,
          0.0044023990631103516,
          0.004495143890380859,
          0.0042994022369384766,
          0.0042684078216552734,
          0.004082679748535156,
          0.004231691360473633,
          0.004259586334228516,
          0.004225730895996094,
          0.0043146610260009766,
          0.004140615463256836,
          0.004260063171386719,
          0.004353046417236328,
          0.024383068084716797,
          0.00433349609375,
          0.004083156585693359,
          0.004285335540771484,
          0.004140377044677734,
          0.004194498062133789,
          0.004063844680786133,
          0.004141569137573242,
          0.00406646728515625,
          0.004216670989990234,
          0.0041959285736083984,
          0.004272937774658203,
          0.004118680953979492,
          0.0041425228118896484,
          0.004221677780151367,
          0.004273414611816406,
          0.004131317138671875,
          0.004118204116821289,
          0.004235744476318359,
          0.004258632659912109,
          0.004053592681884766,
          0.004142045974731445,
          0.004191875457763672,
          0.00420379638671875,
          0.0042836666107177734,
          0.004061698913574219,
          0.004166364669799805,
          0.004310131072998047,
          0.004243612289428711,
          0.004140615463256836,
          0.0040743350982666016,
          0.004083156585693359,
          0.0042417049407958984,
          0.004263877868652344,
          0.004080295562744141,
          0.004248142242431641,
          0.004208803176879883,
          0.00418400764465332,
          0.004088163375854492,
          0.004140377044677734,
          0.004129171371459961,
          0.004190206527709961,
          0.00417327880859375,
          0.00418543815612793,
          0.004137516021728516,
          0.004091739654541016,
          0.0041654109954833984,
          0.0040607452392578125,
          0.004184722900390625,
          0.004144906997680664,
          0.004276752471923828,
          0.0042078495025634766,
          0.0041656494140625,
          0.004197597503662109,
          0.0041277408599853516,
          0.004080057144165039,
          0.004204988479614258,
          0.004515886306762695,
          0.0043637752532958984,
          0.004396677017211914,
          0.004296779632568359,
          0.0041997432708740234,
          0.004304409027099609,
          0.004189968109130859,
          0.004328012466430664,
          0.004180192947387695,
          0.004052639007568359,
          0.004241466522216797,
          0.004151582717895508,
          0.004317045211791992,
          0.0040819644927978516,
          0.004137277603149414,
          0.004173755645751953
        ],
        "explanation_lengths": [
          1,
          8,
          8,
          8,
          8,
          1,
          1,
          8,
          8,
          1,
          8,
          1,
          8,
          8,
          8,
          1,
          1,
          1,
          8,
          8,
          8,
          1,
          1,
          1,
          8,
          8,
          8,
          1,
          8,
          8,
          1,
          8,
          1,
          8,
          1,
          1,
          1,
          8,
          1,
          8,
          8,
          8,
          1,
          1,
          8,
          1,
          1,
          1,
          1,
          8,
          1,
          1,
          8,
          1,
          8,
          1,
          1,
          8,
          8,
          1,
          1,
          1,
          8,
          1,
          1,
          8,
          8,
          8,
          1,
          1,
          1,
          1,
          8,
          8,
          1,
          1,
          1,
          1,
          8,
          1,
          8,
          8,
          1,
          1,
          1,
          1,
          1,
          8,
          1,
          1,
          1,
          1,
          1,
          8,
          8,
          1,
          1,
          8,
          1,
          8,
          1,
          1,
          1
        ],