{
  "dataset": "baseline/resources/datasets/mofn-3-7-10/mofn-3-7-10.csv",
  "bench_name": "mofn-3-7-10",
  "algorithm": "sklearn",
  "use_categorical": false,
  "experiments": [
    {
      "n_estimators": 100,
      "max_depth": 6,
      "train_accuracy": 0.9597069597069597,
      "test_accuracy": 0.9073170731707317,
      "training_time": 0.0,
      "total_nodes": 8776,
      "total_leaves": 4438,
      "avg_tree_depth": 6.0,
      "timestamp": "2026-01-14T16:29:28.126475",
      "explanations": {
        "num_samples_explained": 133,
        "list_explained_indices": [
          0,
          1,
          2,
          3,
          4,
          5,
          6,
          7,
          8,
          9,
          10,
          11,
          12,
          13,
          14,
          15,
          16,
          17,
          18,
          19,
          20,
          21,
          22,
          23,
          24,
          25,
          26,
          27,
          28,
          29,
          30,
          31,
          32,
          33,
          34,
          35,
          36,
          37,
          38,
          39,
          40,
          41,
          42,
          43,
          44,
          45,
          46,
          47,
          48,
          49,
          50,
          51,
          52,
          53,
          54,
          55,
          56,
          57,
          58,
          59,
          60,
          61,
          62,
          63,
          64,
          65,
          66,
          67,
          68,
          69,
          70,
          71,
          72,
          73,
          74,
          75,
          76,
          77,
          78,
          79,
          80,
          81,
          82,
          83,
          84,
          85,
          86,
          87,
          88,
          89,
          90,
          91,
          92,
          93,
          94,
          95,
          96,
          97,
          98,
          99,
          100,
          101,
          102,
          103,
          104,
          105,
          106,
          107,
          108,
          109,
          110,
          111,
          112,
          113,
          114,
          115,
          116,
          117,
          118,
          119,
          120,
          121,
          122,
          123,
          124,
          125,
          126,
          127,
          128,
          129,
          130,
          131,
          132
        ],
        "num_successful": 133,
        "avg_explanation_time": 0.01329011486885243,
        "min_explanation_time": 0.00889277458190918,
        "max_explanation_time": 0.05203127861022949,
        "avg_explanation_length": 3.218045112781955,
        "min_explanation_length": 2,
        "max_explanation_length": 10,
        "explanation_times": [
          0.05203127861022949,
          0.012331008911132812,
          0.011089324951171875,
          0.01216435432434082,
          0.012874603271484375,
          0.012595415115356445,
          0.011176824569702148,
          0.010704517364501953,
          0.010167837142944336,
          0.010799169540405273,
          0.012139081954956055,
          0.012737035751342773,
          0.010338068008422852,
          0.01226496696472168,
          0.012213706970214844,
          0.03266501426696777,
          0.010439872741699219,
          0.009226799011230469,
          0.013339996337890625,
          0.01293182373046875,
          0.012156248092651367,
          0.010746955871582031,
          0.01204061508178711,
          0.011066675186157227,
          0.013139009475708008,
          0.016185998916625977,
          0.012443065643310547,
          0.03345489501953125,
          0.011786699295043945,
          0.010939836502075195,
          0.010225772857666016,
          0.01058197021484375,
          0.011565923690795898,
          0.012078523635864258,
          0.011165857315063477,
          0.009052038192749023,
          0.012175559997558594,
          0.010694265365600586,
          0.03363466262817383,
          0.012856245040893555,
          0.010058879852294922,
          0.010191917419433594,
          0.010335683822631836,
          0.012256145477294922,
          0.010081052780151367,
          0.014479875564575195,
          0.009054899215698242,
          0.010673761367797852,
          0.010520219802856445,
          0.033771514892578125,
          0.013123750686645508,
          0.013201475143432617,
          0.010638952255249023,
          0.010047197341918945,
          0.01333475112915039,
          0.012725591659545898,
          0.009413480758666992,
          0.010469198226928711,
          0.012590646743774414,
          0.01296854019165039,
          0.0317230224609375,
          0.012265205383300781,
          0.013831853866577148,
          0.011730194091796875,
          0.011294126510620117,
          0.012708187103271484,
          0.009130239486694336,
          0.010844945907592773,
          0.011150836944580078,
          0.01389932632446289,
          0.013526678085327148,
          0.035300254821777344,
          0.013813018798828125,
          0.012037515640258789,
          0.012539863586425781,
          0.011718273162841797,
          0.013390541076660156,
          0.010687589645385742,
          0.011202573776245117,
          0.012600183486938477,
          0.010826349258422852,
          0.01150822639465332,
          0.038300275802612305,
          0.011094331741333008,
          0.009142160415649414,
          0.01235818862915039,
          0.014847517013549805,
          0.009197473526000977,
          0.011769294738769531,
          0.00889277458190918,
          0.012149810791015625,
          0.012997150421142578,
          0.011193990707397461,
          0.011125564575195312,
          0.035004377365112305,
          0.011174678802490234,
          0.010605096817016602,
          0.011533498764038086,
          0.011745452880859375,
          0.013337850570678711,
          0.012428760528564453,
          0.012594938278198242,
          0.012483835220336914,
          0.01096200942993164,
          0.0125885009765625,
          0.011526346206665039,
          0.013406753540039062,
          0.011146306991577148,
          0.010593652725219727,
          0.011832237243652344,
          0.010562658309936523,
          0.011241912841796875,
          0.010962724685668945,
          0.010762929916381836,
          0.011232614517211914,
          0.011080026626586914,
          0.013990640640258789,
          0.012490987777709961,
          0.012135982513427734,
          0.010664939880371094,
          0.010277032852172852,
          0.011701107025146484,
          0.012496471405029297,
          0.010649681091308594,
          0.012344598770141602,
          0.010753631591796875,
          0.010438680648803711,
          0.009068965911865234,
          0.012973546981811523,
          0.012291431427001953,
          0.010176897048950195,
          0.00991201400756836,
          0.013454914093017578
        ],