{
  "dataset": "baseline/resources/datasets/new-thyroid/new-thyroid.csv",
  "bench_name": "new-thyroid",
  "algorithm": "sklearn",
  "use_categorical": false,
  "experiments": [
    {
      "n_estimators": 100,
      "max_depth": 5,
      "train_accuracy": 0.9418604651162791,
      "test_accuracy": 0.9767441860465116,
      "training_time": 0.0,
      "total_nodes": 1766,
      "total_leaves": 933,
      "avg_tree_depth": 4.88,
      "timestamp": "2026-01-14T16:29:29.638344",
      "explanations": {
        "num_samples_explained": 43,
        "list_explained_indices": [
          0,
          1,
          2,
          3,
          4,
          5,
          6,
          7,
          8,
          9,
          10,
          11,
          12,
          13,
          14,
          15,
          16,
          17,
          18,
          19,
          20,
          21,
          22,
          23,
          24,
          25,
          26,
          27,
          28,
          29,
          30,
          31,
          32,
          33,
          34,
          35,
          36,
          37,
          38,
          39,
          40,
          41,
          42
        ],
        "num_successful": 43,
        "avg_explanation_time": 0.03481958078783612,
        "min_explanation_time": 0.01976919174194336,
        "max_explanation_time": 0.06560778617858887,
        "avg_explanation_length": 3.5348837209302326,
        "min_explanation_length": 3,
        "max_explanation_length": 5,
        "explanation_times": [
          0.06560778617858887,
          0.03209948539733887,
          0.056993722915649414,
          0.0260465145111084,
          0.03019547462463379,
          0.03382563591003418,
          0.05127382278442383,
          0.031114578247070312,
          0.032117605209350586,
          0.03377676010131836,
          0.0527796745300293,
          0.03810620307922363,
          0.023688554763793945,
          0.05489778518676758,
          0.02895331382751465,
          0.020678997039794922,
          0.020867109298706055,
          0.04286599159240723,
          0.029094457626342773,
          0.027262210845947266,
          0.05620241165161133,
          0.02138686180114746,
          0.026025056838989258,
          0.0204775333404541,
          0.051952362060546875,
          0.020788908004760742,
          0.020128250122070312,
          0.0210418701171875,
          0.05452775955200195,
          0.027428865432739258,
          0.020380020141601562,
          0.04915761947631836,
          0.030104398727416992,
          0.0314328670501709,
          0.03234505653381348,
          0.04222917556762695,
          0.03220105171203613,
          0.027969837188720703,
          0.05302262306213379,
          0.030742883682250977,
          0.026111125946044922,
          0.01976919174194336,
          0.049570560455322266
        ],
        "explanation_lengths": [
          3,
          3,
          3,
          3,
          3,
          3,
          3,
          3,
          3,
          3,
          3,
          3,
          4,
          3,
          3,
          5,
          5,
          5,
          3,
          3,
          3,
          5,
          3,
          5,
          3,
          5,
          5,
          5,
          3,
          3,
          5,
          3,
          3,
          3,
          3,
          5,
          3,
          3,
          3,
          3,
          3,
          5,
          3
        ],
        "full_explanations": [
          [
            2,
            3,
            4
          ],
          [
            1,
            3,
            4
          ],
          [
            2,
            3,
            4
          ],
          [
            1,
            2,
            4
          ],
          [
            1,
            3,
            4
          ],
          [
            1,
            3,
            4
          ],
          [
            1,
            3,
            4
          ],
          [
            1,
            3,
            4
          ],
          [
            1,
            2,
            4
          ],
          [
            1,
            3,
            4
          ],
          [
            1,
            2,
            4
          ],
          [
            1,
            3,
            4
          ],
          [
            0,
            1,
            2,
            4
          ],
          [
            1,
            3,
            4
          ],
          [
            2,
            3,
            4
          ],
          [
            0,
            1,
            2,
            3,
            4
          ],
          [
            0,
            1,
            2,
            3,
            4
          ],
          [
            0,
            1,
            2,
            3,
            4
          ],
          [
            1,
            3,
            4
          ],
          [
            2,
            3,
            4
          ],
          [
            1,
            3,
            4
          ],
          [
            0,
            1,
            2,
            3,
            4
          ],
          [
            1,
            3,
            4
          ],
          [
            0,
            1,
            2,
            3,
            4
          ],
          [
            1,
            3,
            4
          ],
          [
            0,
            1,
            2,
            3,
            4
          ],
          [
            0,
            1,
            2,
            3,
            4
          ],
          [
            0,
            1,
            2,
            3,
            4
          ],
          [
            1,
            3,
            4
          ],
          [
            1,
            2,
            4
          ],
          [
            0,
            1,
            2,
            3,
            4
          ],
          [
            1,
            2,
            4
          ],
          [
            1,
            3,
            4
          ],
          [
            1,
            3,
            4
          ],
          [
            1,
            3,
            4
          ],
          [
            0,
            1,
            2,
            3,
            4
          ],
          [
            1,
            3,
            4
          ],
          [
            2,
            3,
            4
          ],
          [
            2,
            3,
            4
          ],
          [
            1,
            3,
            4
          ],
          [
            1,
            3,
            4
          ],
          [
            0,
            1,
            2,
            3,
            4
          ],
          [
            2,
            3,
            4
          ]
        ]
      },
      "model_source": "json",
      "classifier_json_path": "baseline/Classifiers-100-converted/new-thyroid/new-thyroid_nbestim_100_maxdepth_5.mod.json",
      "model_path": "baseline/Classifiers-100-converted/new-thyroid/new-thyroid_nbestim_100_maxdepth_5.mod.json"
    }
  ]
}