{
  "dataset": "baseline/resources/datasets/banknote/banknote.csv",
  "bench_name": "banknote",
  "algorithm": "sklearn",
  "use_categorical": false,
  "experiments": [
    {
      "n_estimators": 100,
      "max_depth": 5,
      "train_accuracy": 0.9786641929499073,
      "test_accuracy": 0.9666666666666667,
      "training_time": 0.0,
      "total_nodes": 2772,
      "total_leaves": 1436,
      "avg_tree_depth": 5.0,
      "timestamp": "2026-01-14T16:27:13.128673",
      "explanations": {
        "num_samples_explained": 138,
        "list_explained_indices": [
          0,
          1,
          2,
          3,
          4,
          5,
          6,
          7,
          8,
          9,
          10,
          11,
          12,
          13,
          14,
          15,
          16,
          17,
          18,
          19,
          20,
          21,
          22,
          23,
          24,
          25,
          26,
          27,
          28,
          29,
          30,
          31,
          32,
          33,
          34,
          35,
          36,
          37,
          38,
          39,
          40,
          41,
          42,
          43,
          44,
          45,
          46,
          47,
          48,
          49,
          50,
          51,
          52,
          53,
          54,
          55,
          56,
          57,
          58,
          59,
          60,
          61,
          62,
          63,
          64,
          65,
          66,
          67,
          68,
          69,
          70,
          71,
          72,
          73,
          74,
          75,
          76,
          77,
          78,
          79,
          80,
          81,
          82,
          83,
          84,
          85,
          86,
          87,
          88,
          89,
          90,
          91,
          92,
          93,
          94,
          95,
          96,
          97,
          98,
          99,
          100,
          101,
          102,
          103,
          104,
          105,
          106,
          107,
          108,
          109,
          110,
          111,
          112,
          113,
          114,
          115,
          116,
          117,
          118,
          119,
          120,
          121,
          122,
          123,
          124,
          125,
          126,
          127,
          128,
          129,
          130,
          131,
          132,
          133,
          134,
          135,
          136,
          137
        ],
        "num_successful": 138,
        "avg_explanation_time": 0.012244084606999937,
        "min_explanation_time": 0.00859212875366211,
        "max_explanation_time": 0.03333020210266113,
        "avg_explanation_length": 2.8115942028985508,
        "min_explanation_length": 2,
        "max_explanation_length": 4,
        "explanation_times": [
          0.017632246017456055,
          0.010157585144042969,
          0.010513067245483398,
          0.009208917617797852,
          0.009240388870239258,
          0.009285926818847656,
          0.009536027908325195,
          0.032428741455078125,
          0.00937652587890625,
          0.009291887283325195,
          0.009184837341308594,
          0.009424686431884766,
          0.009164571762084961,
          0.009755849838256836,
          0.010019540786743164,
          0.029950857162475586,
          0.008740663528442383,
          0.008944511413574219,
          0.009307384490966797,
          0.009057044982910156,
          0.009236335754394531,
          0.009303569793701172,
          0.009194612503051758,
          0.03333020210266113,
          0.011006832122802734,
          0.010851860046386719,
          0.011393547058105469,
          0.010357141494750977,
          0.008916616439819336,
          0.009031295776367188,
          0.009332895278930664,
          0.008897066116333008,
          0.028197765350341797,
          0.009267091751098633,
          0.00958395004272461,
          0.009214162826538086,
          0.010826587677001953,
          0.009809732437133789,
          0.009286880493164062,
          0.008865118026733398,
          0.03018927574157715,
          0.009518861770629883,
          0.0094146728515625,
          0.008893251419067383,
          0.010216474533081055,
          0.010392904281616211,
          0.008673429489135742,
          0.009552001953125,
          0.028765439987182617,
          0.009325981140136719,
          0.010697603225708008,
          0.012064456939697266,
          0.009276151657104492,
          0.009878158569335938,
          0.011386394500732422,
          0.009338855743408203,
          0.009582757949829102,
          0.03072810173034668,
          0.009278535842895508,
          0.00859212875366211,
          0.010094881057739258,
          0.00867462158203125,
          0.009270906448364258,
          0.008939743041992188,
          0.008802652359008789,
          0.029571533203125,
          0.009854316711425781,
          0.01085042953491211,
          0.009162425994873047,
          0.009144306182861328,
          0.010197162628173828,
          0.011532306671142578,
          0.008783578872680664,
          0.029312849044799805,
          0.01057291030883789,
          0.009593963623046875,
          0.009570837020874023,
          0.009493112564086914,
          0.010846853256225586,
          0.011101961135864258,
          0.00910806655883789,
          0.009567975997924805,
          0.028137922286987305,
          0.010592460632324219,
          0.01070261001586914,
          0.009491682052612305,
          0.009613275527954102,
          0.00920414924621582,
          0.010360240936279297,
          0.009199380874633789,
          0.033316850662231445,
          0.010030984878540039,
          0.01098322868347168,
          0.010949850082397461,
          0.011115550994873047,
          0.009406805038452148,
          0.009030580520629883,
          0.010797262191772461,
          0.03197216987609863,
          0.00989532470703125,
          0.00966501235961914,
          0.010195016860961914,
          0.008836507797241211,
          0.010704517364501953,
          0.011486530303955078,
          0.009734153747558594,
          0.009439945220947266,
          0.02922368049621582,
          0.009749650955200195,
          0.010560035705566406,
          0.010437250137329102,
          0.010481119155883789,
          0.009662151336669922,
          0.009114265441894531,
          0.010126352310180664,
          0.03198814392089844,
          0.009541511535644531,
          0.01080012321472168,
          0.009242534637451172,
          0.009352922439575195,
          0.011399507522583008,
          0.010154485702514648,
          0.009423017501831055,
          0.032854557037353516,
          0.009981393814086914,
          0.010702371597290039,
          0.009684562683105469,
          0.008956670761108398,
          0.009061098098754883,
          0.00980067253112793,
          0.011006832122802734,
          0.02887415885925293,
          0.010361909866333008,
          0.009337663650512695,
          0.0087890625,
          0.00890350341796875,
          0.009523630142211914,
          0.009789466857910156
        ],