{
  "dataset": "baseline/resources/datasets/appendicitis/appendicitis.csv",
  "bench_name": "appendicitis",
  "algorithm": "sklearn",
  "use_categorical": false,
  "experiments": [
    {
      "n_estimators": 100,
      "max_depth": 6,
      "train_accuracy": 0.9047619047619048,
      "test_accuracy": 0.8636363636363636,
      "training_time": 0.0,
      "total_nodes": 1920,
      "total_leaves": 1010,
      "avg_tree_depth": 5.68,
      "timestamp": "2026-01-14T16:27:11.394039",
      "explanations": {
        "num_samples_explained": 43,
        "list_explained_indices": [
          0,
          1,
          2,
          3,
          4,
          5,
          6,
          7,
          8,
          9,
          10,
          11,
          12,
          13,
          14,
          15,
          16,
          17,
          18,
          19,
          20,
          21,
          22,
          23,
          24,
          25,
          26,
          27,
          28,
          29,
          30,
          31,
          32,
          33,
          34,
          35,
          36,
          37,
          38,
          39,
          40,
          41,
          42
        ],
        "num_successful": 43,
        "avg_explanation_time": 0.01584489400996718,
        "min_explanation_time": 0.0060672760009765625,
        "max_explanation_time": 0.034824371337890625,
        "avg_explanation_length": 4.023255813953488,
        "min_explanation_length": 2,
        "max_explanation_length": 7,
        "explanation_times": [
          0.017721176147460938,
          0.01664566993713379,
          0.014694929122924805,
          0.017649173736572266,
          0.01515817642211914,
          0.018395185470581055,
          0.010913610458374023,
          0.014501571655273438,
          0.030125856399536133,
          0.015304327011108398,
          0.014177560806274414,
          0.006498098373413086,
          0.034824371337890625,
          0.01996922492980957,
          0.010647296905517578,
          0.01665043830871582,
          0.006257295608520508,
          0.011991739273071289,
          0.014432668685913086,
          0.019902706146240234,
          0.025902271270751953,
          0.01256704330444336,
          0.006450176239013672,
          0.0060672760009765625,
          0.012085437774658203,
          0.02189350128173828,
          0.01455378532409668,
          0.020498991012573242,
          0.006282806396484375,
          0.016712665557861328,
          0.006402015686035156,
          0.006745576858520508,
          0.02806568145751953,
          0.023547649383544922,
          0.02927398681640625,
          0.02682805061340332,
          0.01430058479309082,
          0.009651899337768555,
          0.013577938079833984,
          0.009543418884277344,
          0.026517629623413086,
          0.011076927185058594,
          0.006324052810668945
        ],
        "explanation_lengths": [
          3,
          3,
          3,
          3,
          3,
          2,
          3,
          3,
          7,
          2,
          3,
          7,
          2,
          2,
          4,
          2,
          7,
          4,
          3,
          3,
          7,
          3,
          7,
          7,
          4,
          4,
          3,
          2,
          7,
          3,
          7,
          7,
          4,
          3,
          3,
          3,
          4,
          5,
          4,
          3,
          2,
          5,
          7
        ],
        "full_explanations": [
          [
            2,
            5,
            6
          ],
          [
            3,
            4,
            6
          ],
          [
            2,
            4,
            6
          ],
          [
            2,
            4,
            6
          ],
          [
            4,
            5,
            6
          ],
          [
            2,
            6
          ],
          [
            4,
            5,
            6
          ],
          [
            2,
            5,
            6
          ],
          [
            0,
            1,
            2,
            3,
            4,
            5,
            6
          ],
          [
            2,
            6
          ],
          [
            3,
            4,
            6
          ],
          [
            0,
            1,
            2,
            3,
            4,
            5,
            6
          ],
          [
            2,
            6
          ],
          [
            2,
            6
          ],
          [
            2,
            4,
            5,
            6
          ],
          [
            2,
            6
          ],
          [
            0,
            1,
            2,
            3,
            4,
            5,
            6
          ],
          [
            3,
            4,
            5,
            6
          ],
          [
            4,
            5,
            6
          ],
          [
            4,
            5,
            6
          ],
          [
            0,
            1,
            2,
            3,
            4,
            5,
            6
          ],
          [
            4,
            5,
            6
          ],
          [
            0,
            1,
            2,
            3,
            4,
            5,
            6
          ],
          [
            0,
            1,
            2,
            3,
            4,
            5,
            6
          ],
          [
            1,
            2,
            5,
            6
          ],
          [
            2,
            4,
            5,
            6
          ],
          [
            2,
            5,
            6
          ],
          [
            2,
            6
          ],
          [
            0,
            1,
            2,
            3,
            4,
            5,
            6
          ],
          [
            2,
            4,
            6
          ],
          [
            0,
            1,
            2,
            3,
            4,
            5,
            6
          ],
          [
            0,
            1,
            2,
            3,
            4,
            5,
            6
          ],
          [
            3,
            4,
            5,
            6
          ],
          [
            2,
            5,
            6
          ],
          [
            4,
            5,
            6
          ],
          [
            2,
            4,
            6
          ],
          [
            2,
            4,
            5,
            6
          ],
          [
            1,
            2,
            3,
            5,
            6
          ],
          [
            2,
            4,
            5,
            6
          ],
          [
            4,
            5,
            6
          ],
          [
            2,
            6
          ],
          [
            2,
            3,
            4,
            5,
            6
          ],
          [
            0,
            1,
            2,
            3,
            4,
            5,
            6
          ]
        ]
      },
      "model_source": "json",
      "classifier_json_path": "baseline/Classifiers-100-converted/appendicitis/appendicitis_nbestim_100_maxdepth_6.mod.json",
      "model_path": "baseline/Classifiers-100-converted/appendicitis/appendicitis_nbestim_100_maxdepth_6.mod.json"
    }
  ]
}