{
  "dataset": "baseline/resources/datasets/ecoli/ecoli.csv",
  "bench_name": "ecoli",
  "algorithm": "sklearn",
  "use_categorical": false,
  "experiments": [
    {
      "n_estimators": 100,
      "max_depth": 5,
      "train_accuracy": 0.9386973180076629,
      "test_accuracy": 0.8787878787878788,
      "training_time": 0.0,
      "total_nodes": 3860,
      "total_leaves": 1980,
      "avg_tree_depth": 5.0,
      "timestamp": "2026-01-14T16:27:31.236884",
      "explanations": {
        "num_samples_explained": 66,
        "list_explained_indices": [
          0,
          1,
          2,
          3,
          4,
          5,
          6,
          7,
          8,
          9,
          10,
          11,
          12,
          13,
          14,
          15,
          16,
          17,
          18,
          19,
          20,
          21,
          22,
          23,
          24,
          25,
          26,
          27,
          28,
          29,
          30,
          31,
          32,
          33,
          34,
          35,
          36,
          37,
          38,
          39,
          40,
          41,
          42,
          43,
          44,
          45,
          46,
          47,
          48,
          49,
          50,
          51,
          52,
          53,
          54,
          55,
          56,
          57,
          58,
          59,
          60,
          61,
          62,
          63,
          64,
          65
        ],
        "num_successful": 66,
        "avg_explanation_time": 0.05263442342931574,
        "min_explanation_time": 0.023794174194335938,
        "max_explanation_time": 0.13954687118530273,
        "avg_explanation_length": 4.696969696969697,
        "min_explanation_length": 3,
        "max_explanation_length": 6,
        "explanation_times": [
          0.09392523765563965,
          0.028462886810302734,
          0.05183815956115723,
          0.025342464447021484,
          0.027628660202026367,
          0.0511627197265625,
          0.08198094367980957,
          0.05000591278076172,
          0.0986630916595459,
          0.02697610855102539,
          0.07765340805053711,
          0.11109805107116699,
          0.02523946762084961,
          0.0271909236907959,
          0.07995891571044922,
          0.025281906127929688,
          0.025189638137817383,
          0.06227445602416992,
          0.02592611312866211,
          0.025182723999023438,
          0.053128957748413086,
          0.02482461929321289,
          0.02512335777282715,
          0.07877588272094727,
          0.06602311134338379,
          0.025460004806518555,
          0.07510995864868164,
          0.02942061424255371,
          0.06600785255432129,
          0.09195899963378906,
          0.023954153060913086,
          0.06023216247558594,
          0.050728559494018555,
          0.025820255279541016,
          0.06254386901855469,
          0.04787945747375488,
          0.024150609970092773,
          0.024258852005004883,
          0.13954687118530273,
          0.08999824523925781,
          0.05819964408874512,
          0.11253952980041504,
          0.06079363822937012,
          0.02541065216064453,
          0.08306622505187988,
          0.0545346736907959,
          0.05544281005859375,
          0.08094644546508789,
          0.025560379028320312,
          0.06918478012084961,
          0.047930002212524414,
          0.025362491607666016,
          0.05592989921569824,
          0.05105257034301758,
          0.0268402099609375,
          0.023794174194335938,
          0.06944441795349121,
          0.02778482437133789,
          0.0727536678314209,
          0.05150103569030762,
          0.027149200439453125,
          0.05802750587463379,
          0.07225370407104492,
          0.025057077407836914,
          0.04705047607421875,
          0.0603337287902832
        ],
        "explanation_lengths": [
          4,
          6,
          6,
          6,
          6,
          6,
          4,
          4,
          3,
          6,
          3,
          3,
          6,
          6,
          4,
          6,
          6,
          4,
          6,
          6,
          6,
          6,
          6,
          3,
          3,
          6,
          4,
          6,
          3,
          3,
          6,
          4,
          6,
          6,
          3,
          6,
          6,
          6,
          3,
          3,
          3,
          3,
          3,
          6,
          3,
          3,
          3,
          3,
          6,
          3,
          6,
          6,
          3,
          6,
          6,
          6,
          4,
          6,
          3,
          6,
          6,
          4,
          3,
          6,
          4,
          3
        ],