{
  "dataset": "baseline/resources/datasets/heart-c/heart-c.csv",
  "bench_name": "heart-c",
  "algorithm": "sklearn",
  "use_categorical": false,
  "experiments": [
    {
      "n_estimators": 100,
      "max_depth": 5,
      "train_accuracy": 0.8962655601659751,
      "test_accuracy": 0.8360655737704918,
      "training_time": 0.0,
      "total_nodes": 3910,
      "total_leaves": 2005,
      "avg_tree_depth": 5.0,
      "timestamp": "2026-01-14T16:27:33.416648",
      "explanations": {
        "num_samples_explained": 61,
        "list_explained_indices": [
          0,
          1,
          2,
          3,
          4,
          5,
          6,
          7,
          8,
          9,
          10,
          11,
          12,
          13,
          14,
          15,
          16,
          17,
          18,
          19,
          20,
          21,
          22,
          23,
          24,
          25,
          26,
          27,
          28,
          29,
          30,
          31,
          32,
          33,
          34,
          35,
          36,
          37,
          38,
          39,
          40,
          41,
          42,
          43,
          44,
          45,
          46,
          47,
          48,
          49,
          50,
          51,
          52,
          53,
          54,
          55,
          56,
          57,
          58,
          59,
          60
        ],
        "num_successful": 61,
        "avg_explanation_time": 0.01814031991802278,
        "min_explanation_time": 0.007857322692871094,
        "max_explanation_time": 0.05794930458068848,
        "avg_explanation_length": 8.688524590163935,
        "min_explanation_length": 4,
        "max_explanation_length": 13,
        "explanation_times": [
          0.05794930458068848,
          0.00983428955078125,
          0.020988941192626953,
          0.015074014663696289,
          0.008287429809570312,
          0.00824880599975586,
          0.031124353408813477,
          0.014103412628173828,
          0.008041858673095703,
          0.020023107528686523,
          0.01769876480102539,
          0.041576385498046875,
          0.017477750778198242,
          0.008025169372558594,
          0.0210418701171875,
          0.008600473403930664,
          0.03329110145568848,
          0.01821112632751465,
          0.013146162033081055,
          0.02178788185119629,
          0.007885932922363281,
          0.025197505950927734,
          0.05365443229675293,
          0.02901291847229004,
          0.008891820907592773,
          0.008188724517822266,
          0.021822690963745117,
          0.013007164001464844,
          0.008102655410766602,
          0.00852823257446289,
          0.023590564727783203,
          0.01846933364868164,
          0.028685808181762695,
          0.03890252113342285,
          0.015138864517211914,
          0.00796365737915039,
          0.007857322692871094,
          0.008031845092773438,
          0.008034944534301758,
          0.008055448532104492,
          0.015255212783813477,
          0.008231639862060547,
          0.02813267707824707,
          0.007981538772583008,
          0.03010392189025879,
          0.007987737655639648,
          0.01959991455078125,
          0.014181375503540039,
          0.008082866668701172,
          0.007943868637084961,
          0.02484726905822754,
          0.015649080276489258,
          0.045435190200805664,
          0.029407262802124023,
          0.008284807205200195,
          0.008817911148071289,
          0.01866936683654785,
          0.008048534393310547,
          0.008234500885009766,
          0.030855894088745117,
          0.017254352569580078
        ],
        "explanation_lengths": [
          5,
          9,
          5,
          8,
          13,
          13,
          5,
          7,
          13,
          7,
          6,
          6,
          6,
          13,
          5,
          12,
          4,
          6,
          7,
          5,
          13,
          5,
          5,
          5,
          11,
          13,
          5,
          9,
          13,
          13,
          5,
          6,
          12,
          4,
          5,
          13,
          13,
          13,
          13,
          13,
          6,
          12,
          13,
          13,
          5,
          13,
          5,
          7,
          13,
          13,
          6,
          6,
          5,
          5,
          12,
          11,
          5,
          13,
          13,
          5,
          5
        ],