{
  "dataset": "baseline/resources/datasets/segmentation/segmentation.csv",
  "bench_name": "segmentation",
  "algorithm": "sklearn",
  "use_categorical": false,
  "experiments": [
    {
      "n_estimators": 100,
      "max_depth": 4,
      "train_accuracy": 0.9345238095238095,
      "test_accuracy": 0.8571428571428571,
      "training_time": 0.0,
      "total_nodes": 1966,
      "total_leaves": 1033,
      "avg_tree_depth": 4.0,
      "timestamp": "2026-01-14T16:31:52.499859",
      "explanations": {
        "num_samples_explained": 42,
        "list_explained_indices": [
          0,
          1,
          2,
          3,
          4,
          5,
          6,
          7,
          8,
          9,
          10,
          11,
          12,
          13,
          14,
          15,
          16,
          17,
          18,
          19,
          20,
          21,
          22,
          23,
          24,
          25,
          26,
          27,
          28,
          29,
          30,
          31,
          32,
          33,
          34,
          35,
          36,
          37,
          38,
          39,
          40,
          41
        ],
        "num_successful": 42,
        "avg_explanation_time": 0.06755629039946057,
        "min_explanation_time": 0.029193401336669922,
        "max_explanation_time": 0.20071959495544434,
        "avg_explanation_length": 15.952380952380953,
        "min_explanation_length": 8,
        "max_explanation_length": 18,
        "explanation_times": [
          0.15760421752929688,
          0.18794989585876465,
          0.03291201591491699,
          0.03505253791809082,
          0.1843104362487793,
          0.03266572952270508,
          0.033780813217163086,
          0.0548710823059082,
          0.029193401336669922,
          0.030299663543701172,
          0.05120515823364258,
          0.03233933448791504,
          0.0340733528137207,
          0.16289615631103516,
          0.03691840171813965,
          0.02938103675842285,
          0.05717206001281738,
          0.1949934959411621,
          0.16783618927001953,
          0.053345680236816406,
          0.029427289962768555,
          0.030796289443969727,
          0.20071959495544434,
          0.029474735260009766,
          0.031865835189819336,
          0.05347800254821777,
          0.02925395965576172,
          0.031679391860961914,
          0.05724811553955078,
          0.03034043312072754,
          0.030679941177368164,
          0.05319404602050781,
          0.14719080924987793,
          0.030051469802856445,
          0.17687439918518066,
          0.03200411796569824,
          0.05965471267700195,
          0.033365488052368164,
          0.03320813179016113,
          0.05538511276245117,
          0.029497623443603516,
          0.03317403793334961
        ],
        "explanation_lengths": [
          9,
          8,
          18,
          18,
          8,
          18,
          18,
          18,
          18,
          18,
          18,
          18,
          18,
          9,
          18,
          18,
          18,
          8,
          9,
          18,
          18,
          18,
          8,
          18,
          18,
          18,
          18,
          18,
          18,
          18,
          18,
          18,
          8,
          18,
          9,
          18,
          18,
          18,
          18,
          18,
          18,
          18
        ],
        "full_explanations": [
          [
            10,
            11,
            12,
            13,
            14,
            15,
            16,
            17,
            18
          ],
          [
            10,
            11,
            13,
            14,
            15,
            16,
            17,
            18
          ],
          [
            0,
            1,
            3,
            4,
            5,
            6,
            7,
            8,
            9,
            10,
            11,
            12,
            13,
            14,
            15,
            16,
            17,
            18
          ],
          [
            0,
            1,
            3,
            4,
            5,
            6,
            7,
            8,
            9,
            10,
            11,
            12,
            13,
            14,
            15,
            16,
            17,
            18
          ],
          [
            10,
            11,
            13,
            14,
            15,
            16,
            17,
            18
          ],
          [
            0,
            1,
            3,
            4,
            5,
            6,
            7,
            8,
            9,
            10,
            11,
            12,
            13,
            14,
            15,
            16,
            17,
            18
          ],
          [
            0,
            1,
            3,
            4,
            5,
            6,
            7,
            8,
            9,
            10,
            11,
            12,
            13,
            14,
            15,
            16,
            17,
            18
          ],
          [
            0,
            1,
            3,
            4,
            5,
            6,
            7,
            8,
            9,
            10,
            11,
            12,
            13,
            14,
            15,
            16,
            17,
            18
          ],
          [
            0,
            1,
            3,
            4,
            5,
            6,
            7,
            8,
            9,
            10,
            11,
            12,
            13,
            14,
            15,
            16,
            17,
            18
          ],
          [
            0,
            1,
            3,
            4,
            5,
            6,
            7,
            8,
            9,
            10,
            11,
            12,
            13,
            14,
            15,
            16,
            17,
            18
          ],
          [
            0,
            1,
            3,
            4,
            5,
            6,
            7,
            8,
            9,
            10,
            11,
            12,
            13,
            14,
            15,
            16,
            17,
            18
          ],
          [
            0,
            1,
            3,
            4,
            5,
            6,
            7,
            8,
            9,
            10,
            11,
            12,
            13,
            14,
            15,
            16,
            17,
            18
          ],
          [
            0,
            1,
            3,
            4,
            5,
            6,
            7,
            8,
            9,
            10,
            11,
            12,
            13,
            14,
            15,
            16,
            17,
            18
          ],
          [
            10,
            11,
            12,
            13,
            14,
            15,
            16,
            17,
            18
          ],
          [
            0,
            1,
            3,
            4,
            5,
            6,
            7,
            8,
            9,
            10,
            11,
            12,
            13,
            14,
            15,
            16,
            17,
            18
          ],
          [
            0,
            1,
            3,
            4,
            5,
            6,
            7,
            8,
            9,
            10,
            11,
            12,
            13,
            14,
            15,
            16,
            17,
            18
          ],
          [
            0,
            1,
            3,
            4,
            5,
            6,
            7,
            8,
            9,
            10,
            11,
            12,
            13,
            14,
